Название,Цена
Диван Льери Мини Velvet Light,64 990руб.
Диван Нумо Velvet Yellow,37 990руб.
Диван Тут Рядом Дом Серо-графитовый,72 990руб.
Диван угловой Эби-1 Velvet Coral,72 990руб.
Диван Бонент Velvet Eclipse,76 990руб.
Диван Нумо Мини Textile Yellow,24 990руб.
Диван Линс Velvet Navy Blue,34 990руб.
Кресло Тут Рядом Дом Сине-бежевый,50 990руб.
Диван угловой Эдвин Velvet Smoke,74 990руб.
Диван Бруквиль Velvet Blue,49 990руб.
Диван Байма Velvet Grey,69 990руб.
Диван Спейс Velvet Beige,64 990руб.
Диван угловой Беллер Textile Yellow,42 990руб.
Кресло Бенел Cozy Ivory,34 990руб.
Диван Нумо Velvet Grafit,37 990руб.
Кресло-кровать Маре Мини Velvet Grafit,21 990руб.
Диван Клаймар Velvet Beige,56 990руб.
Пуф Тут Рядом Дом Серо-графитовый,15 990руб.
Диван Сваут Velvet Grey,64 990руб.
Диван Линс Velvet Grafit,34 990руб.
Диван угловой Аронт Мини Velvet Pink,58 990руб.
Диван Рейли Velvet Coral,36 990руб.
Диван угловой Вайвел Barhat Forest,89 990руб.
Диван Бруквиль Velvet Smoke,49 990руб.
Диван Коренс Happy Grey,30 990руб.
Диван угловой Шера Velvet Light,102 990руб.
Диван Види Textile Ocean,25 990руб.
Пуф Тут Рядом Дом Зеленый,15 990руб.
Кресло Пайл Barhat Beige,23 990руб.
Модульный диван Brera-2 Velour Mix,105 980руб.
Кресло Гета Soft Silver,34 990руб.
Диван угловой Нумо Velvet Yellow,47 990руб.
Модульный диван Нолан-B 3 Soft Jungle,114 970руб.
Диван Тут Рядом Дом Сине-бежевый,72 990руб.
Кресло Элвит Cozy Ivory,29 990руб.
Диван Сваут Velvet Mustard,64 990руб.
Кресло Рибс Velvet Beige,29 990руб.
Пуф Кропс Bucle Smoky,8990руб.
Пуф Лонди Cozy Beige,11 990руб.
Диван Мисл Barhat Mint,74 990руб.
Диван угловой Мейлон Velvet Eclipse,49 990руб.
Кресло Тут Рядом Дом Розовый,50 990руб.
Диван Нумо Мини Textile Light,24 990руб.
Диван угловой Бонент Velvet Grey,89 990руб.
Диван Рейли Velvet Mint,36 990руб.
Диван Риббл-2 Bucle Lilac,68 990руб.
Диван угловой Маркфул Velvet Ocean,79 990руб.
Кушетка Роби Textile Coral,19 990руб.
